"id_rol","nombre_rol","activado"
1,ADMINISTRADOR,true
2,VENDEDOR,true
3,CAJERO,true
4,ALMACENERO,true
20,ANULAR,Anular,
7,APPROVE,Aprobar,
9,CANCEL,Anular,
17,CREAR,Crear,
1,CREATE,Crear,
4,DELETE,Eliminar,
18,EDITAR,Editar,
19,ELIMINAR,Eliminar,
5,EXPORT,Exportar,
21,EXPORTAR,Exportar,
6,IMPORT,Importar,
8,PRINT,Imprimir,
2,READ,Leer,
3,UPDATE,Actualizar,
16,VER,Visualizar,
1,DASHBOARD,Dashboard,
6,CATALOGO,Catálogo,
2,VENTAS,Ventas,
4,INVENTARIO,Inventario,
5,CLIENTES,Clientes,
3,COMPRAS,Compras,
149,REPORTES,Reportes,
7,CONTABILIDAD,Contabilidad,
34,SEGURIDAD,Seguridad,
8,CONFIGURACION,Configuración,
9,IDENTIDAD,Identidad,
CAT_CAT:ANULAR
CAT_CAT:APPROVE
CAT_CAT:CANCEL
CAT_CAT:CREAR
CAT_CAT:CREATE
CAT_CAT:DELETE
CAT_CAT:EDITAR
CAT_CAT:ELIMINAR
CAT_CAT:EXPORT
CAT_CAT:EXPORTAR
CAT_CAT:IMPORT
CAT_CAT:PRINT
CAT_CAT:READ
CAT_CAT:UPDATE
CAT_CAT:VER
CAT_LISTAS_PRECIOS:ANULAR
CAT_LISTAS_PRECIOS:APPROVE
CAT_LISTAS_PRECIOS:CANCEL
CAT_LISTAS_PRECIOS:CREAR
CAT_LISTAS_PRECIOS:CREATE
CAT_LISTAS_PRECIOS:DELETE
CAT_LISTAS_PRECIOS:EDITAR
CAT_LISTAS_PRECIOS:ELIMINAR
CAT_LISTAS_PRECIOS:EXPORT
CAT_LISTAS_PRECIOS:EXPORTAR
CAT_LISTAS_PRECIOS:IMPORT
CAT_LISTAS_PRECIOS:PRINT
CAT_LISTAS_PRECIOS:READ
CAT_LISTAS_PRECIOS:UPDATE
CAT_LISTAS_PRECIOS:VER
CAT_LP:ANULAR
CAT_LP:APPROVE
CAT_LP:CANCEL
CAT_LP:CREAR
CAT_LP:CREATE
CAT_LP:DELETE
CAT_LP:EDITAR
CAT_LP:ELIMINAR
CAT_LP:EXPORT
CAT_LP:EXPORTAR
CAT_LP:IMPORT
CAT_LP:PRINT
CAT_LP:READ
CAT_LP:UPDATE
CAT_LP:VER
CAT_MAR:ANULAR
CAT_MAR:APPROVE
CAT_MAR:CANCEL
CAT_MAR:CREAR
CAT_MAR:CREATE
CAT_MAR:DELETE
CAT_MAR:EDITAR
CAT_MAR:ELIMINAR
CAT_MAR:EXPORT
CAT_MAR:EXPORTAR
CAT_MAR:IMPORT
CAT_MAR:PRINT
CAT_MAR:READ
CAT_MAR:UPDATE
CAT_MAR:VER
CAT_PROD:ANULAR
CAT_PROD:APPROVE
CAT_PROD:CANCEL
CAT_PROD:CREAR
CAT_PROD:CREATE
CAT_PROD:DELETE
CAT_PROD:EDITAR
CAT_PROD:ELIMINAR
CAT_PROD:EXPORT
CAT_PROD:EXPORTAR
CAT_PROD:IMPORT
CAT_PROD:PRINT
CAT_PROD:READ
CAT_PROD:UPDATE
CAT_PROD:VER
CAT_UM:ANULAR
CAT_UM:APPROVE
CAT_UM:CANCEL
CAT_UM:CREAR
CAT_UM:CREATE
CAT_UM:DELETE
CAT_UM:EDITAR
CAT_UM:ELIMINAR
CAT_UM:EXPORT
CAT_UM:EXPORTAR
CAT_UM:IMPORT
CAT_UM:PRINT
CAT_UM:READ
CAT_UM:UPDATE
CAT_UM:VER
CAT_UNIDADES_MEDIDA:ANULAR
CAT_UNIDADES_MEDIDA:APPROVE
CAT_UNIDADES_MEDIDA:CANCEL
CAT_UNIDADES_MEDIDA:CREAR
CAT_UNIDADES_MEDIDA:CREATE
CAT_UNIDADES_MEDIDA:DELETE
CAT_UNIDADES_MEDIDA:EDITAR
CAT_UNIDADES_MEDIDA:ELIMINAR
CAT_UNIDADES_MEDIDA:EXPORT
CAT_UNIDADES_MEDIDA:EXPORTAR
CAT_UNIDADES_MEDIDA:IMPORT
CAT_UNIDADES_MEDIDA:PRINT
CAT_UNIDADES_MEDIDA:READ
CAT_UNIDADES_MEDIDA:UPDATE
CAT_UNIDADES_MEDIDA:VER
CATALOGO:ANULAR
CATALOGO:APPROVE
CATALOGO:CANCEL
CATALOGO:CREAR
CATALOGO:CREATE
CATALOGO:DELETE
CATALOGO:EDITAR
CATALOGO:ELIMINAR
CATALOGO:EXPORT
CATALOGO:EXPORTAR
CATALOGO:IMPORT
CATALOGO:PRINT
CATALOGO:READ
CATALOGO:UPDATE
CATALOGO:VER
CATALOGO_CATEGORIAS:ANULAR
CATALOGO_CATEGORIAS:APPROVE
CATALOGO_CATEGORIAS:CANCEL
CATALOGO_CATEGORIAS:CREAR
CATALOGO_CATEGORIAS:CREATE
CATALOGO_CATEGORIAS:DELETE
CATALOGO_CATEGORIAS:EDITAR
CATALOGO_CATEGORIAS:ELIMINAR
CATALOGO_CATEGORIAS:EXPORT
CATALOGO_CATEGORIAS:EXPORTAR
CATALOGO_CATEGORIAS:IMPORT
CATALOGO_CATEGORIAS:PRINT
CATALOGO_CATEGORIAS:READ
CATALOGO_CATEGORIAS:UPDATE
CATALOGO_CATEGORIAS:VER
CATALOGO_MARCAS:ANULAR
CATALOGO_MARCAS:APPROVE
CATALOGO_MARCAS:CANCEL
CATALOGO_MARCAS:CREAR
CATALOGO_MARCAS:CREATE
CATALOGO_MARCAS:DELETE
CATALOGO_MARCAS:EDITAR
CATALOGO_MARCAS:ELIMINAR
CATALOGO_MARCAS:EXPORT
CATALOGO_MARCAS:EXPORTAR
CATALOGO_MARCAS:IMPORT
CATALOGO_MARCAS:PRINT
CATALOGO_MARCAS:READ
CATALOGO_MARCAS:UPDATE
CATALOGO_MARCAS:VER
CATALOGO_PRECIOS:ANULAR
CATALOGO_PRECIOS:APPROVE
CATALOGO_PRECIOS:CANCEL
CATALOGO_PRECIOS:CREAR
CATALOGO_PRECIOS:CREATE
CATALOGO_PRECIOS:DELETE
CATALOGO_PRECIOS:EDITAR
CATALOGO_PRECIOS:ELIMINAR
CATALOGO_PRECIOS:EXPORT
CATALOGO_PRECIOS:EXPORTAR
CATALOGO_PRECIOS:IMPORT
CATALOGO_PRECIOS:PRINT
CATALOGO_PRECIOS:READ
CATALOGO_PRECIOS:UPDATE
CATALOGO_PRECIOS:VER
CATALOGO_PRODUCTOS:ANULAR
CATALOGO_PRODUCTOS:APPROVE
CATALOGO_PRODUCTOS:CANCEL
CATALOGO_PRODUCTOS:CREAR
CATALOGO_PRODUCTOS:CREATE
CATALOGO_PRODUCTOS:DELETE
CATALOGO_PRODUCTOS:EDITAR
CATALOGO_PRODUCTOS:ELIMINAR
CATALOGO_PRODUCTOS:EXPORT
CATALOGO_PRODUCTOS:EXPORTAR
CATALOGO_PRODUCTOS:IMPORT
CATALOGO_PRODUCTOS:PRINT
CATALOGO_PRODUCTOS:READ
CATALOGO_PRODUCTOS:UPDATE
CATALOGO_PRODUCTOS:VER
CFG_AFEC:ANULAR
CFG_AFEC:APPROVE
CFG_AFEC:CANCEL
CFG_AFEC:CREAR
CFG_AFEC:CREATE
CFG_AFEC:DELETE
CFG_AFEC:EDITAR
CFG_AFEC:ELIMINAR
CFG_AFEC:EXPORT
CFG_AFEC:EXPORTAR
CFG_AFEC:IMPORT
CFG_AFEC:PRINT
CFG_AFEC:READ
CFG_AFEC:UPDATE
CFG_AFEC:VER
CFG_COMP:ANULAR
CFG_COMP:APPROVE
CFG_COMP:CANCEL
CFG_COMP:CREAR
CFG_COMP:CREATE
CFG_COMP:DELETE
CFG_COMP:EDITAR
CFG_COMP:ELIMINAR
CFG_COMP:EXPORT
CFG_COMP:EXPORTAR
CFG_COMP:IMPORT
CFG_COMP:PRINT
CFG_COMP:READ
CFG_COMP:UPDATE
CFG_COMP:VER
CFG_EMP:ANULAR
CFG_EMP:APPROVE
CFG_EMP:CANCEL
CFG_EMP:CREAR
CFG_EMP:CREATE
CFG_EMP:DELETE
CFG_EMP:EDITAR
CFG_EMP:ELIMINAR
CFG_EMP:EXPORT
CFG_EMP:EXPORTAR
CFG_EMP:IMPORT
CFG_EMP:PRINT
CFG_EMP:READ
CFG_EMP:UPDATE
CFG_EMP:VER
CFG_IMP:ANULAR
CFG_IMP:APPROVE
CFG_IMP:CANCEL
CFG_IMP:CREAR
CFG_IMP:CREATE
CFG_IMP:DELETE
CFG_IMP:EDITAR
CFG_IMP:ELIMINAR
CFG_IMP:EXPORT
CFG_IMP:EXPORTAR
CFG_IMP:IMPORT
CFG_IMP:PRINT
CFG_IMP:READ
CFG_IMP:UPDATE
CFG_IMP:VER
CFG_PAGO:ANULAR
CFG_PAGO:APPROVE
CFG_PAGO:CANCEL
CFG_PAGO:CREAR
CFG_PAGO:CREATE
CFG_PAGO:DELETE
CFG_PAGO:EDITAR
CFG_PAGO:ELIMINAR
CFG_PAGO:EXPORT
CFG_PAGO:EXPORTAR
CFG_PAGO:IMPORT
CFG_PAGO:PRINT
CFG_PAGO:READ
CFG_PAGO:UPDATE
CFG_PAGO:VER
CFG_SUC:ANULAR
CFG_SUC:APPROVE
CFG_SUC:CANCEL
CFG_SUC:CREAR
CFG_SUC:CREATE
CFG_SUC:DELETE
CFG_SUC:EDITAR
CFG_SUC:ELIMINAR
CFG_SUC:EXPORT
CFG_SUC:EXPORTAR
CFG_SUC:IMPORT
CFG_SUC:PRINT
CFG_SUC:READ
CFG_SUC:UPDATE
CFG_SUC:VER
CFG_SUN_MAT:ANULAR
CFG_SUN_MAT:APPROVE
CFG_SUN_MAT:CANCEL
CFG_SUN_MAT:CREAR
CFG_SUN_MAT:CREATE
CFG_SUN_MAT:DELETE
CFG_SUN_MAT:EDITAR
CFG_SUN_MAT:ELIMINAR
CFG_SUN_MAT:EXPORT
CFG_SUN_MAT:EXPORTAR
CFG_SUN_MAT:IMPORT
CFG_SUN_MAT:PRINT
CFG_SUN_MAT:READ
CFG_SUN_MAT:UPDATE
CFG_SUN_MAT:VER
CFG_SUN_OP:ANULAR
CFG_SUN_OP:APPROVE
CFG_SUN_OP:CANCEL
CFG_SUN_OP:CREAR
CFG_SUN_OP:CREATE
CFG_SUN_OP:DELETE
CFG_SUN_OP:EDITAR
CFG_SUN_OP:ELIMINAR
CFG_SUN_OP:EXPORT
CFG_SUN_OP:EXPORTAR
CFG_SUN_OP:IMPORT
CFG_SUN_OP:PRINT
CFG_SUN_OP:READ
CFG_SUN_OP:UPDATE
CFG_SUN_OP:VER
CFG_SUN_REG:ANULAR
CFG_SUN_REG:APPROVE
CFG_SUN_REG:CANCEL
CFG_SUN_REG:CREAR
CFG_SUN_REG:CREATE
CFG_SUN_REG:DELETE
CFG_SUN_REG:EDITAR
CFG_SUN_REG:ELIMINAR
CFG_SUN_REG:EXPORT
CFG_SUN_REG:EXPORTAR
CFG_SUN_REG:IMPORT
CFG_SUN_REG:PRINT
CFG_SUN_REG:READ
CFG_SUN_REG:UPDATE
CFG_SUN_REG:VER
CFG_TABG:ANULAR
CFG_TABG:APPROVE
CFG_TABG:CANCEL
CFG_TABG:CREAR
CFG_TABG:CREATE
CFG_TABG:DELETE
CFG_TABG:EDITAR
CFG_TABG:ELIMINAR
CFG_TABG:EXPORT
CFG_TABG:EXPORTAR
CFG_TABG:IMPORT
CFG_TABG:PRINT
CFG_TABG:READ
CFG_TABG:UPDATE
CFG_TABG:VER
CFG_TRIB:ANULAR
CFG_TRIB:APPROVE
CFG_TRIB:CANCEL
CFG_TRIB:CREAR
CFG_TRIB:CREATE
CFG_TRIB:DELETE
CFG_TRIB:EDITAR
CFG_TRIB:ELIMINAR
CFG_TRIB:EXPORT
CFG_TRIB:EXPORTAR
CFG_TRIB:IMPORT
CFG_TRIB:PRINT
CFG_TRIB:READ
CFG_TRIB:UPDATE
CFG_TRIB:VER
CFG_UBIG:ANULAR
CFG_UBIG:APPROVE
CFG_UBIG:CANCEL
CFG_UBIG:CREAR
CFG_UBIG:CREATE
CFG_UBIG:DELETE
CFG_UBIG:EDITAR
CFG_UBIG:ELIMINAR
CFG_UBIG:EXPORT
CFG_UBIG:EXPORTAR
CFG_UBIG:IMPORT
CFG_UBIG:PRINT
CFG_UBIG:READ
CFG_UBIG:UPDATE
CFG_UBIG:VER
CLIENTES:ANULAR
CLIENTES:APPROVE
CLIENTES:CANCEL
CLIENTES:CREAR
CLIENTES:CREATE
CLIENTES:DELETE
CLIENTES:EDITAR
CLIENTES:ELIMINAR
CLIENTES:EXPORT
CLIENTES:EXPORTAR
CLIENTES:IMPORT
CLIENTES:PRINT
CLIENTES:READ
CLIENTES:UPDATE
CLIENTES:VER
COM_LISTA:ANULAR
COM_LISTA:APPROVE
COM_LISTA:CANCEL
COM_LISTA:CREAR
COM_LISTA:CREATE
COM_LISTA:DELETE
COM_LISTA:EDITAR
COM_LISTA:ELIMINAR
COM_LISTA:EXPORT
COM_LISTA:EXPORTAR
COM_LISTA:IMPORT
COM_LISTA:PRINT
COM_LISTA:READ
COM_LISTA:UPDATE
COM_LISTA:VER
COM_NOTAS:ANULAR
COM_NOTAS:APPROVE
COM_NOTAS:CANCEL
COM_NOTAS:CREAR
COM_NOTAS:CREATE
COM_NOTAS:DELETE
COM_NOTAS:EDITAR
COM_NOTAS:ELIMINAR
COM_NOTAS:EXPORT
COM_NOTAS:EXPORTAR
COM_NOTAS:IMPORT
COM_NOTAS:PRINT
COM_NOTAS:READ
COM_NOTAS:UPDATE
COM_NOTAS:VER
COM_ORD:ANULAR
COM_ORD:APPROVE
COM_ORD:CANCEL
COM_ORD:CREAR
COM_ORD:CREATE
COM_ORD:DELETE
COM_ORD:EDITAR
COM_ORD:ELIMINAR
COM_ORD:EXPORT
COM_ORD:EXPORTAR
COM_ORD:IMPORT
COM_ORD:PRINT
COM_ORD:READ
COM_ORD:UPDATE
COM_ORD:VER
COM_PROV:ANULAR
COM_PROV:APPROVE
COM_PROV:CANCEL
COM_PROV:CREAR
COM_PROV:CREATE
COM_PROV:DELETE
COM_PROV:EDITAR
COM_PROV:ELIMINAR
COM_PROV:EXPORT
COM_PROV:EXPORTAR
COM_PROV:IMPORT
COM_PROV:PRINT
COM_PROV:READ
COM_PROV:UPDATE
COM_PROV:VER
COMPRAS:ANULAR
COMPRAS:APPROVE
COMPRAS:CANCEL
COMPRAS:CREAR
COMPRAS:CREATE
COMPRAS:DELETE
COMPRAS:EDITAR
COMPRAS:ELIMINAR
COMPRAS:EXPORT
COMPRAS:EXPORTAR
COMPRAS:IMPORT
COMPRAS:PRINT
COMPRAS:READ
COMPRAS:UPDATE
COMPRAS:VER
COMPRAS_LISTA:ANULAR
COMPRAS_LISTA:APPROVE
COMPRAS_LISTA:CANCEL
COMPRAS_LISTA:CREAR
COMPRAS_LISTA:CREATE
COMPRAS_LISTA:DELETE
COMPRAS_LISTA:EDITAR
COMPRAS_LISTA:ELIMINAR
COMPRAS_LISTA:EXPORT
COMPRAS_LISTA:EXPORTAR
COMPRAS_LISTA:IMPORT
COMPRAS_LISTA:PRINT
COMPRAS_LISTA:READ
COMPRAS_LISTA:UPDATE
COMPRAS_LISTA:VER
COMPRAS_NUEVA:ANULAR
COMPRAS_NUEVA:APPROVE
COMPRAS_NUEVA:CANCEL
COMPRAS_NUEVA:CREAR
COMPRAS_NUEVA:CREATE
COMPRAS_NUEVA:DELETE
COMPRAS_NUEVA:EDITAR
COMPRAS_NUEVA:ELIMINAR
COMPRAS_NUEVA:EXPORT
COMPRAS_NUEVA:EXPORTAR
COMPRAS_NUEVA:IMPORT
COMPRAS_NUEVA:PRINT
COMPRAS_NUEVA:READ
COMPRAS_NUEVA:UPDATE
COMPRAS_NUEVA:VER
COMPRAS_ORDENES:ANULAR
COMPRAS_ORDENES:APPROVE
COMPRAS_ORDENES:CANCEL
COMPRAS_ORDENES:CREAR
COMPRAS_ORDENES:CREATE
COMPRAS_ORDENES:DELETE
COMPRAS_ORDENES:EDITAR
COMPRAS_ORDENES:ELIMINAR
COMPRAS_ORDENES:EXPORT
COMPRAS_ORDENES:EXPORTAR
COMPRAS_ORDENES:IMPORT
COMPRAS_ORDENES:PRINT
COMPRAS_ORDENES:READ
COMPRAS_ORDENES:UPDATE
COMPRAS_ORDENES:VER
COMPRAS_PROVEEDORES:ANULAR
COMPRAS_PROVEEDORES:APPROVE
COMPRAS_PROVEEDORES:CANCEL
COMPRAS_PROVEEDORES:CREAR
COMPRAS_PROVEEDORES:CREATE
COMPRAS_PROVEEDORES:DELETE
COMPRAS_PROVEEDORES:EDITAR
COMPRAS_PROVEEDORES:ELIMINAR
COMPRAS_PROVEEDORES:EXPORT
COMPRAS_PROVEEDORES:EXPORTAR
COMPRAS_PROVEEDORES:IMPORT
COMPRAS_PROVEEDORES:PRINT
COMPRAS_PROVEEDORES:READ
COMPRAS_PROVEEDORES:UPDATE
COMPRAS_PROVEEDORES:VER
CONFIGURACION:ANULAR
CONFIGURACION:APPROVE
CONFIGURACION:CANCEL
CONFIGURACION:CREAR
CONFIGURACION:CREATE
CONFIGURACION:DELETE
CONFIGURACION:EDITAR
CONFIGURACION:ELIMINAR
CONFIGURACION:EXPORT
CONFIGURACION:EXPORTAR
CONFIGURACION:IMPORT
CONFIGURACION:PRINT
CONFIGURACION:READ
CONFIGURACION:UPDATE
CONFIGURACION:VER
CONTABILIDAD:ANULAR
CONTABILIDAD:APPROVE
CONTABILIDAD:CANCEL
CONTABILIDAD:CREAR
CONTABILIDAD:CREATE
CONTABILIDAD:DELETE
CONTABILIDAD:EDITAR
CONTABILIDAD:ELIMINAR
CONTABILIDAD:EXPORT
CONTABILIDAD:EXPORTAR
CONTABILIDAD:IMPORT
CONTABILIDAD:PRINT
CONTABILIDAD:READ
CONTABILIDAD:UPDATE
CONTABILIDAD:VER
DASHBOARD:ANULAR
DASHBOARD:APPROVE
DASHBOARD:CANCEL
DASHBOARD:CREAR
DASHBOARD:CREATE
DASHBOARD:DELETE
DASHBOARD:EDITAR
DASHBOARD:ELIMINAR
DASHBOARD:EXPORT
DASHBOARD:EXPORTAR
DASHBOARD:IMPORT
DASHBOARD:PRINT
DASHBOARD:READ
DASHBOARD:UPDATE
DASHBOARD:VER
IDENTIDAD:ANULAR
IDENTIDAD:APPROVE
IDENTIDAD:CANCEL
IDENTIDAD:CREAR
IDENTIDAD:CREATE
IDENTIDAD:DELETE
IDENTIDAD:EDITAR
IDENTIDAD:ELIMINAR
IDENTIDAD:EXPORT
IDENTIDAD:EXPORTAR
IDENTIDAD:IMPORT
IDENTIDAD:PRINT
IDENTIDAD:READ
IDENTIDAD:UPDATE
IDENTIDAD:VER
IDENTIDAD_PERMISOS:ANULAR
IDENTIDAD_PERMISOS:APPROVE
IDENTIDAD_PERMISOS:CANCEL
IDENTIDAD_PERMISOS:CREAR
IDENTIDAD_PERMISOS:CREATE
IDENTIDAD_PERMISOS:DELETE
IDENTIDAD_PERMISOS:EDITAR
IDENTIDAD_PERMISOS:ELIMINAR
IDENTIDAD_PERMISOS:EXPORT
IDENTIDAD_PERMISOS:EXPORTAR
IDENTIDAD_PERMISOS:IMPORT
IDENTIDAD_PERMISOS:PRINT
IDENTIDAD_PERMISOS:READ
IDENTIDAD_PERMISOS:UPDATE
IDENTIDAD_PERMISOS:VER
IDENTIDAD_ROLES:ANULAR
IDENTIDAD_ROLES:APPROVE
IDENTIDAD_ROLES:CANCEL
IDENTIDAD_ROLES:CREAR
IDENTIDAD_ROLES:CREATE
IDENTIDAD_ROLES:DELETE
IDENTIDAD_ROLES:EDITAR
IDENTIDAD_ROLES:ELIMINAR
IDENTIDAD_ROLES:EXPORT
IDENTIDAD_ROLES:EXPORTAR
IDENTIDAD_ROLES:IMPORT
IDENTIDAD_ROLES:PRINT
IDENTIDAD_ROLES:READ
IDENTIDAD_ROLES:UPDATE
IDENTIDAD_ROLES:VER
IDENTIDAD_USUARIOS:ANULAR
IDENTIDAD_USUARIOS:APPROVE
IDENTIDAD_USUARIOS:CANCEL
IDENTIDAD_USUARIOS:CREAR
IDENTIDAD_USUARIOS:CREATE
IDENTIDAD_USUARIOS:DELETE
IDENTIDAD_USUARIOS:EDITAR
IDENTIDAD_USUARIOS:ELIMINAR
IDENTIDAD_USUARIOS:EXPORT
IDENTIDAD_USUARIOS:EXPORTAR
IDENTIDAD_USUARIOS:IMPORT
IDENTIDAD_USUARIOS:PRINT
IDENTIDAD_USUARIOS:READ
IDENTIDAD_USUARIOS:UPDATE
IDENTIDAD_USUARIOS:VER
INV_ALM:ANULAR
INV_ALM:APPROVE
INV_ALM:CANCEL
INV_ALM:CREAR
INV_ALM:CREATE
INV_ALM:DELETE
INV_ALM:EDITAR
INV_ALM:ELIMINAR
INV_ALM:EXPORT
INV_ALM:EXPORTAR
INV_ALM:IMPORT
INV_ALM:PRINT
INV_ALM:READ
INV_ALM:UPDATE
INV_ALM:VER
INV_KRD_PER:ANULAR
INV_KRD_PER:APPROVE
INV_KRD_PER:CANCEL
INV_KRD_PER:CREAR
INV_KRD_PER:CREATE
INV_KRD_PER:DELETE
INV_KRD_PER:EDITAR
INV_KRD_PER:ELIMINAR
INV_KRD_PER:EXPORT
INV_KRD_PER:EXPORTAR
INV_KRD_PER:IMPORT
INV_KRD_PER:PRINT
INV_KRD_PER:READ
INV_KRD_PER:UPDATE
INV_KRD_PER:VER
INV_KRD_REP:ANULAR
INV_KRD_REP:APPROVE
INV_KRD_REP:CANCEL
INV_KRD_REP:CREAR
INV_KRD_REP:CREATE
INV_KRD_REP:DELETE
INV_KRD_REP:EDITAR
INV_KRD_REP:ELIMINAR
INV_KRD_REP:EXPORT
INV_KRD_REP:EXPORTAR
INV_KRD_REP:IMPORT
INV_KRD_REP:PRINT
INV_KRD_REP:READ
INV_KRD_REP:UPDATE
INV_KRD_REP:VER
INV_MOV:ANULAR
INV_MOV:APPROVE
INV_MOV:CANCEL
INV_MOV:CREAR
INV_MOV:CREATE
INV_MOV:DELETE
INV_MOV:EDITAR
INV_MOV:ELIMINAR
INV_MOV:EXPORT
INV_MOV:EXPORTAR
INV_MOV:IMPORT
INV_MOV:PRINT
INV_MOV:READ
INV_MOV:UPDATE
INV_MOV:VER
INV_STOCK:ANULAR
INV_STOCK:APPROVE
INV_STOCK:CANCEL
INV_STOCK:CREAR
INV_STOCK:CREATE
INV_STOCK:DELETE
INV_STOCK:EDITAR
INV_STOCK:ELIMINAR
INV_STOCK:EXPORT
INV_STOCK:EXPORTAR
INV_STOCK:IMPORT
INV_STOCK:PRINT
INV_STOCK:READ
INV_STOCK:UPDATE
INV_STOCK:VER
INV_TRAS:ANULAR
INV_TRAS:APPROVE
INV_TRAS:CANCEL
INV_TRAS:CREAR
INV_TRAS:CREATE
INV_TRAS:DELETE
INV_TRAS:EDITAR
INV_TRAS:ELIMINAR
INV_TRAS:EXPORT
INV_TRAS:EXPORTAR
INV_TRAS:IMPORT
INV_TRAS:PRINT
INV_TRAS:READ
INV_TRAS:UPDATE
INV_TRAS:VER
INVENTARIO:ANULAR
INVENTARIO:APPROVE
INVENTARIO:CANCEL
INVENTARIO:CREAR
INVENTARIO:CREATE
INVENTARIO:DELETE
INVENTARIO:EDITAR
INVENTARIO:ELIMINAR
INVENTARIO:EXPORT
INVENTARIO:EXPORTAR
INVENTARIO:IMPORT
INVENTARIO:PRINT
INVENTARIO:READ
INVENTARIO:UPDATE
INVENTARIO:VER
INVENTARIO_ALMACENES:ANULAR
INVENTARIO_ALMACENES:APPROVE
INVENTARIO_ALMACENES:CANCEL
INVENTARIO_ALMACENES:CREAR
INVENTARIO_ALMACENES:CREATE
INVENTARIO_ALMACENES:DELETE
INVENTARIO_ALMACENES:EDITAR
INVENTARIO_ALMACENES:ELIMINAR
INVENTARIO_ALMACENES:EXPORT
INVENTARIO_ALMACENES:EXPORTAR
INVENTARIO_ALMACENES:IMPORT
INVENTARIO_ALMACENES:PRINT
INVENTARIO_ALMACENES:READ
INVENTARIO_ALMACENES:UPDATE
INVENTARIO_ALMACENES:VER
INVENTARIO_MOVIMIENTOS:ANULAR
INVENTARIO_MOVIMIENTOS:APPROVE
INVENTARIO_MOVIMIENTOS:CANCEL
INVENTARIO_MOVIMIENTOS:CREAR
INVENTARIO_MOVIMIENTOS:CREATE
INVENTARIO_MOVIMIENTOS:DELETE
INVENTARIO_MOVIMIENTOS:EDITAR
INVENTARIO_MOVIMIENTOS:ELIMINAR
INVENTARIO_MOVIMIENTOS:EXPORT
INVENTARIO_MOVIMIENTOS:EXPORTAR
INVENTARIO_MOVIMIENTOS:IMPORT
INVENTARIO_MOVIMIENTOS:PRINT
INVENTARIO_MOVIMIENTOS:READ
INVENTARIO_MOVIMIENTOS:UPDATE
INVENTARIO_MOVIMIENTOS:VER
INVENTARIO_STOCK:ANULAR
INVENTARIO_STOCK:APPROVE
INVENTARIO_STOCK:CANCEL
INVENTARIO_STOCK:CREAR
INVENTARIO_STOCK:CREATE
INVENTARIO_STOCK:DELETE
INVENTARIO_STOCK:EDITAR
INVENTARIO_STOCK:ELIMINAR
INVENTARIO_STOCK:EXPORT
INVENTARIO_STOCK:EXPORTAR
INVENTARIO_STOCK:IMPORT
INVENTARIO_STOCK:PRINT
INVENTARIO_STOCK:READ
INVENTARIO_STOCK:UPDATE
INVENTARIO_STOCK:VER
REPORTES:ANULAR
REPORTES:APPROVE
REPORTES:CANCEL
REPORTES:CREAR
REPORTES:CREATE
REPORTES:DELETE
REPORTES:EDITAR
REPORTES:ELIMINAR
REPORTES:EXPORT
REPORTES:EXPORTAR
REPORTES:IMPORT
REPORTES:PRINT
REPORTES:READ
REPORTES:UPDATE
REPORTES:VER
SEG_ROL:ANULAR
SEG_ROL:APPROVE
SEG_ROL:CANCEL
SEG_ROL:CREAR
SEG_ROL:CREATE
SEG_ROL:DELETE
SEG_ROL:EDITAR
SEG_ROL:ELIMINAR
SEG_ROL:EXPORT
SEG_ROL:EXPORTAR
SEG_ROL:IMPORT
SEG_ROL:PRINT
SEG_ROL:READ
SEG_ROL:UPDATE
SEG_ROL:VER
SEG_TRAB:ANULAR
SEG_TRAB:APPROVE
SEG_TRAB:CANCEL
SEG_TRAB:CREAR
SEG_TRAB:CREATE
SEG_TRAB:DELETE
SEG_TRAB:EDITAR
SEG_TRAB:ELIMINAR
SEG_TRAB:EXPORT
SEG_TRAB:EXPORTAR
SEG_TRAB:IMPORT
SEG_TRAB:PRINT
SEG_TRAB:READ
SEG_TRAB:UPDATE
SEG_TRAB:VER
SEG_USR:ANULAR
SEG_USR:APPROVE
SEG_USR:CANCEL
SEG_USR:CREAR
SEG_USR:CREATE
SEG_USR:DELETE
SEG_USR:EDITAR
SEG_USR:ELIMINAR
SEG_USR:EXPORT
SEG_USR:EXPORTAR
SEG_USR:IMPORT
SEG_USR:PRINT
SEG_USR:READ
SEG_USR:UPDATE
SEG_USR:VER
SEGURIDAD:ANULAR
SEGURIDAD:APPROVE
SEGURIDAD:CANCEL
SEGURIDAD:CREAR
SEGURIDAD:CREATE
SEGURIDAD:DELETE
SEGURIDAD:EDITAR
SEGURIDAD:ELIMINAR
SEGURIDAD:EXPORT
SEGURIDAD:EXPORTAR
SEGURIDAD:IMPORT
SEGURIDAD:PRINT
SEGURIDAD:READ
SEGURIDAD:UPDATE
SEGURIDAD:VER
SEGURIDAD_ROLES:ANULAR
SEGURIDAD_ROLES:APPROVE
SEGURIDAD_ROLES:CANCEL
SEGURIDAD_ROLES:CREAR
SEGURIDAD_ROLES:CREATE
SEGURIDAD_ROLES:DELETE
SEGURIDAD_ROLES:EDITAR
SEGURIDAD_ROLES:ELIMINAR
SEGURIDAD_ROLES:EXPORT
SEGURIDAD_ROLES:EXPORTAR
SEGURIDAD_ROLES:IMPORT
SEGURIDAD_ROLES:PRINT
SEGURIDAD_ROLES:READ
SEGURIDAD_ROLES:UPDATE
SEGURIDAD_ROLES:VER
SEGURIDAD_TRABAJADORES:ANULAR
SEGURIDAD_TRABAJADORES:APPROVE
SEGURIDAD_TRABAJADORES:CANCEL
SEGURIDAD_TRABAJADORES:CREAR
SEGURIDAD_TRABAJADORES:CREATE
SEGURIDAD_TRABAJADORES:DELETE
SEGURIDAD_TRABAJADORES:EDITAR
SEGURIDAD_TRABAJADORES:ELIMINAR
SEGURIDAD_TRABAJADORES:EXPORT
SEGURIDAD_TRABAJADORES:EXPORTAR
SEGURIDAD_TRABAJADORES:IMPORT
SEGURIDAD_TRABAJADORES:PRINT
SEGURIDAD_TRABAJADORES:READ
SEGURIDAD_TRABAJADORES:UPDATE
SEGURIDAD_TRABAJADORES:VER
SEGURIDAD_USUARIOS:ANULAR
SEGURIDAD_USUARIOS:APPROVE
SEGURIDAD_USUARIOS:CANCEL
SEGURIDAD_USUARIOS:CREAR
SEGURIDAD_USUARIOS:CREATE
SEGURIDAD_USUARIOS:DELETE
SEGURIDAD_USUARIOS:EDITAR
SEGURIDAD_USUARIOS:ELIMINAR
SEGURIDAD_USUARIOS:EXPORT
SEGURIDAD_USUARIOS:EXPORTAR
SEGURIDAD_USUARIOS:IMPORT
SEGURIDAD_USUARIOS:PRINT
SEGURIDAD_USUARIOS:READ
SEGURIDAD_USUARIOS:UPDATE
SEGURIDAD_USUARIOS:VER
VENTAS:ANULAR
VENTAS:APPROVE
VENTAS:CANCEL
VENTAS:CREAR
VENTAS:CREATE
VENTAS:DELETE
VENTAS:EDITAR
VENTAS:ELIMINAR
VENTAS:EXPORT
VENTAS:EXPORTAR
VENTAS:IMPORT
VENTAS:PRINT
VENTAS:READ
VENTAS:UPDATE
VENTAS:VER
VENTAS_CAJAS:ANULAR
VENTAS_CAJAS:APPROVE
VENTAS_CAJAS:CANCEL
VENTAS_CAJAS:CREAR
VENTAS_CAJAS:CREATE
VENTAS_CAJAS:DELETE
VENTAS_CAJAS:EDITAR
VENTAS_CAJAS:ELIMINAR
VENTAS_CAJAS:EXPORT
VENTAS_CAJAS:EXPORTAR
VENTAS_CAJAS:IMPORT
VENTAS_CAJAS:PRINT
VENTAS_CAJAS:READ
VENTAS_CAJAS:UPDATE
VENTAS_CAJAS:VER
VENTAS_COTIZACIONES:ANULAR
VENTAS_COTIZACIONES:APPROVE
VENTAS_COTIZACIONES:CANCEL
VENTAS_COTIZACIONES:CREAR
VENTAS_COTIZACIONES:CREATE
VENTAS_COTIZACIONES:DELETE
VENTAS_COTIZACIONES:EDITAR
VENTAS_COTIZACIONES:ELIMINAR
VENTAS_COTIZACIONES:EXPORT
VENTAS_COTIZACIONES:EXPORTAR
VENTAS_COTIZACIONES:IMPORT
VENTAS_COTIZACIONES:PRINT
VENTAS_COTIZACIONES:READ
VENTAS_COTIZACIONES:UPDATE
VENTAS_COTIZACIONES:VER
VENTAS_LISTA:ANULAR
VENTAS_LISTA:APPROVE
VENTAS_LISTA:CANCEL
VENTAS_LISTA:CREAR
VENTAS_LISTA:CREATE
VENTAS_LISTA:DELETE
VENTAS_LISTA:EDITAR
VENTAS_LISTA:ELIMINAR
VENTAS_LISTA:EXPORT
VENTAS_LISTA:EXPORTAR
VENTAS_LISTA:IMPORT
VENTAS_LISTA:PRINT
VENTAS_LISTA:READ
VENTAS_LISTA:UPDATE
VENTAS_LISTA:VER
VENTAS_NUEVA:ANULAR
VENTAS_NUEVA:APPROVE
VENTAS_NUEVA:CANCEL
VENTAS_NUEVA:CREAR
VENTAS_NUEVA:CREATE
VENTAS_NUEVA:DELETE
VENTAS_NUEVA:EDITAR
VENTAS_NUEVA:ELIMINAR
VENTAS_NUEVA:EXPORT
VENTAS_NUEVA:EXPORTAR
VENTAS_NUEVA:IMPORT
VENTAS_NUEVA:PRINT
VENTAS_NUEVA:READ
VENTAS_NUEVA:UPDATE
VENTAS_NUEVA:VER
VTA_CLI:ANULAR
VTA_CLI:APPROVE
VTA_CLI:CANCEL
VTA_CLI:CREAR
VTA_CLI:CREATE
VTA_CLI:DELETE
VTA_CLI:EDITAR
VTA_CLI:ELIMINAR
VTA_CLI:EXPORT
VTA_CLI:EXPORTAR
VTA_CLI:IMPORT
VTA_CLI:PRINT
VTA_CLI:READ
VTA_CLI:UPDATE
VTA_CLI:VER
VTA_COT:ANULAR
VTA_COT:APPROVE
VTA_COT:CANCEL
VTA_COT:CREAR
VTA_COT:CREATE
VTA_COT:DELETE
VTA_COT:EDITAR
VTA_COT:ELIMINAR
VTA_COT:EXPORT
VTA_COT:EXPORTAR
VTA_COT:IMPORT
VTA_COT:PRINT
VTA_COT:READ
VTA_COT:UPDATE
VTA_COT:VER
VTA_LISTA:ANULAR
VTA_LISTA:APPROVE
VTA_LISTA:CANCEL
VTA_LISTA:CREAR
VTA_LISTA:CREATE
VTA_LISTA:DELETE
VTA_LISTA:EDITAR
VTA_LISTA:ELIMINAR
VTA_LISTA:EXPORT
VTA_LISTA:EXPORTAR
VTA_LISTA:IMPORT
VTA_LISTA:PRINT
VTA_LISTA:READ
VTA_LISTA:UPDATE
VTA_LISTA:VER
VTA_NOTAS:ANULAR
VTA_NOTAS:APPROVE
VTA_NOTAS:CANCEL
VTA_NOTAS:CREAR
VTA_NOTAS:CREATE
VTA_NOTAS:DELETE
VTA_NOTAS:EDITAR
VTA_NOTAS:ELIMINAR
VTA_NOTAS:EXPORT
VTA_NOTAS:EXPORTAR
VTA_NOTAS:IMPORT
VTA_NOTAS:PRINT
VTA_NOTAS:READ
VTA_NOTAS:UPDATE
VTA_NOTAS:VER
VTA_POS:ANULAR
VTA_POS:APPROVE
VTA_POS:CANCEL
VTA_POS:CREAR
VTA_POS:CREATE
VTA_POS:DELETE
VTA_POS:EDITAR
VTA_POS:ELIMINAR
VTA_POS:EXPORT
VTA_POS:EXPORTAR
VTA_POS:IMPORT
VTA_POS:PRINT
VTA_POS:READ
VTA_POS:UPDATE
VTA_POS:VER
ADMINISTRADOR,1035
ALMACENERO,0
CAJERO,0
VENDEDOR,0
